{"cameraMode":{"drawMode":0,"name":"Shaded","section":"Shading Mode"},"sceneLighting":true,"audioPlay":false,"sceneViewState":{"showFog":false,"showMaterialUpdate":false,"showSkybox":true,"showFlares":false,"showImageEffects":false,"showParticleSystems":false},"in2DMode":false,"pivot":{"x":1.4146909713745118,"y":-6.458929061889648,"z":-1.03546142578125},"rotation":{"x":-0.4824379086494446,"y":-0.008509042672812939,"z":0.004421639256179333,"w":-0.8760017156600952},"size":18.089351654052736,"orthographic":false}