{"cameraMode":{"drawMode":0,"name":"Shaded","section":"Shading Mode"},"sceneLighting":false,"audioPlay":false,"sceneViewState":{"showFog":false,"showMaterialUpdate":false,"showSkybox":false,"showFlares":false,"showImageEffects":false,"showParticleSystems":false},"in2DMode":false,"pivot":{"x":-0.00016051530838012695,"y":1.1113276481628419,"z":0.001963496208190918},"rotation":{"x":0.09276186674833298,"y":0.5363611578941345,"z":-0.059449516236782077,"w":0.8367983102798462},"size":0.9365078806877136,"orthographic":false}